"x"	"variable"	"value"
1	"none"	45.1
2	"none"	45.6
3	"none"	45.6
4	"none"	45.6
5	"none"	46.2
6	"none"	46.2
7	"none"	46.2
8	"none"	46.2
9	"none"	46.2
10	"none"	46.2
11	"none"	46.2
12	"none"	45.6
13	"none"	46.2
14	"none"	46.2
15	"none"	47.2
16	"none"	46.2
17	"none"	46.7
18	"none"	46.2
19	"none"	46.7
20	"none"	46.7
21	"none"	49.4
22	"none"	51.5
23	"none"	53.7
24	"none"	55.8
25	"none"	56.9
26	"none"	57.5
27	"none"	58
28	"none"	59.1
29	"none"	60.7
30	"none"	61.2
31	"none"	61.2
32	"none"	62.3
33	"none"	62.3
34	"none"	63.4
35	"none"	63.4
36	"none"	63.4
37	"none"	64.5
38	"none"	64.5
39	"none"	65.5
40	"none"	65.5
41	"none"	65.5
42	"none"	65.5
43	"none"	66.6
44	"none"	66.6
45	"none"	67.1
46	"none"	67.7
47	"none"	67.7
48	"none"	68.2
49	"none"	67.7
50	"none"	67.7
51	"none"	68.8
52	"none"	68.2
53	"none"	68.8
54	"none"	69.3
55	"none"	69.8
56	"none"	68.8
57	"none"	69.8
58	"none"	69.8
59	"none"	69.8
60	"none"	70.9
61	"none"	70.9
62	"none"	70.9
63	"none"	70.9
64	"none"	70.9
65	"none"	71.4
66	"none"	70.9
67	"none"	71.4
68	"none"	72
69	"none"	72
70	"none"	70.9
71	"none"	71.4
72	"none"	72
73	"none"	72.5
74	"none"	73.1
75	"none"	73.1
76	"none"	72
77	"none"	73.1
78	"none"	73.1
79	"none"	73.1
80	"none"	73.1
81	"none"	73.1
82	"none"	73.6
83	"none"	74.1
84	"none"	74.1
85	"none"	73.6
86	"none"	74.1
87	"none"	74.1
88	"none"	74.7
89	"none"	74.7
90	"none"	74.1
91	"none"	74.1
92	"none"	75.2
93	"none"	75.2
94	"none"	75.2
95	"none"	75.2
96	"none"	75.2
97	"none"	75.2
98	"none"	75.8
99	"none"	75.2
100	"none"	75.8
101	"none"	75.8
102	"none"	75.2
103	"none"	75.8
104	"none"	75.8
105	"none"	76.3
106	"none"	76.3
107	"none"	76.3
108	"none"	76.8
109	"none"	76.3
110	"none"	76.3
111	"none"	76.8
112	"none"	76.3
113	"none"	77.4
114	"none"	76.8
115	"none"	76.8
116	"none"	77.4
117	"none"	77.9
118	"none"	76.8
119	"none"	77.4
120	"none"	77.9
121	"none"	77.9
122	"none"	77.9
123	"none"	77.9
124	"none"	77.9
125	"none"	77.9
126	"none"	78.4
127	"none"	78.4
128	"none"	78.4
129	"none"	77.9
130	"none"	78.4
131	"none"	79
132	"none"	78.4
133	"none"	78.4
134	"none"	79
135	"none"	79
136	"none"	79.5
137	"none"	79.5
138	"none"	79.5
139	"none"	79.5
140	"none"	79
141	"none"	79
142	"none"	79.5
143	"none"	79.5
144	"none"	79.5
145	"none"	79.5
146	"none"	79.5
147	"none"	79.5
148	"none"	79.5
149	"none"	79.5
150	"none"	80.1
151	"none"	79.5
152	"none"	80.1
153	"none"	80.6
154	"none"	80.1
155	"none"	80.1
156	"none"	79.5
157	"none"	80.6
158	"none"	80.1
159	"none"	80.6
160	"none"	80.1
161	"none"	80.6
162	"none"	80.1
163	"none"	80.6
164	"none"	80.6
165	"none"	80.6
166	"none"	80.6
167	"none"	80.6
168	"none"	80.6
169	"none"	80.6
170	"none"	80.6
171	"none"	81.1
172	"none"	80.6
173	"none"	80.6
174	"none"	80.6
175	"none"	80.6
176	"none"	81.7
177	"none"	80.6
178	"none"	81.1
179	"none"	81.7
180	"none"	81.7
181	"none"	81.1
182	"none"	80.6
183	"none"	81.7
184	"none"	81.7
185	"none"	81.7
186	"none"	81.1
187	"none"	81.7
188	"none"	81.7
189	"none"	81.7
190	"none"	82.2
191	"none"	81.7
192	"none"	81.7
193	"none"	82.2
194	"none"	82.2
195	"none"	81.7
196	"none"	81.7
197	"none"	82.7
198	"none"	82.2
199	"none"	81.7
200	"none"	82.2
201	"none"	82.2
202	"none"	82.2
203	"none"	82.2
204	"none"	82.2
205	"none"	82.7
206	"none"	82.7
207	"none"	82.7
208	"none"	82.2
209	"none"	82.7
210	"none"	83.3
211	"none"	82.7
212	"none"	82.7
213	"none"	83.3
214	"none"	82.7
215	"none"	82.7
216	"none"	82.7
217	"none"	83.3
218	"none"	83.3
219	"none"	82.7
220	"none"	82.7
221	"none"	82.7
222	"none"	83.3
223	"none"	82.7
224	"none"	82.7
225	"none"	83.3
226	"none"	83.3
227	"none"	83.8
228	"none"	83.3
229	"none"	83.3
230	"none"	82.7
231	"none"	83.8
232	"none"	83.3
233	"none"	82.7
234	"none"	83.3
235	"none"	83.3
236	"none"	82.7
237	"none"	83.3
238	"none"	83.8
239	"none"	82.7
240	"none"	82.7
241	"none"	83.8
242	"none"	83.3
243	"none"	82.7
244	"none"	82.7
245	"none"	82.7
246	"none"	83.8
247	"none"	82.7
248	"none"	83.3
249	"none"	83.3
250	"none"	82.7
251	"none"	83.3
252	"none"	83.8
253	"none"	83.3
254	"none"	82.7
255	"none"	83.3
256	"none"	83.8
257	"none"	83.8
258	"none"	83.8
259	"none"	83.8
260	"none"	83.8
261	"none"	83.8
262	"none"	83.8
263	"none"	83.3
264	"none"	83.3
265	"none"	83.8
266	"none"	83.8
267	"none"	83.8
268	"none"	82.7
269	"none"	83.8
270	"none"	83.8
271	"none"	83.3
272	"none"	83.3
273	"none"	83.8
274	"none"	83.8
275	"none"	83.8
276	"none"	83.8
277	"none"	83.8
278	"none"	83.8
279	"none"	83.3
280	"none"	83.8
281	"none"	83.3
282	"none"	83.8
283	"none"	83.8
284	"none"	83.3
285	"none"	83.8
286	"none"	83.8
287	"none"	82.7
288	"none"	83.3
289	"none"	83.8
290	"none"	83.8
291	"none"	83.8
292	"none"	83.8
293	"none"	83.8
294	"none"	83.8
295	"none"	83.8
296	"none"	83.8
297	"none"	83.3
298	"none"	83.3
299	"none"	83.3
300	"none"	83.8
301	"none"	83.8
302	"none"	83.8
303	"none"	83.8
304	"none"	83.8
305	"none"	83.8
306	"none"	83.3
307	"none"	83.8
308	"none"	83.8
309	"none"	83.8
310	"none"	83.3
311	"none"	83.8
312	"none"	83.8
313	"none"	82.7
314	"none"	83.8
315	"none"	83.8
316	"none"	83.8
317	"none"	83.3
318	"none"	83.8
319	"none"	83.3
320	"none"	83.8
321	"none"	83.8
322	"none"	83.8
323	"none"	83.8
324	"none"	83.8
325	"none"	83.8
326	"none"	83.8
327	"none"	83.8
328	"none"	83.8
329	"none"	83.8
330	"none"	83.8
331	"none"	83.8
332	"none"	83.8
333	"none"	83.8
334	"none"	83.8
335	"none"	83.8
336	"none"	83.8
337	"none"	83.8
338	"none"	83.8
339	"none"	83.8
340	"none"	83.8
341	"none"	83.8
342	"none"	83.8
343	"none"	83.8
344	"none"	83.3
345	"none"	83.8
346	"none"	83.8
347	"none"	83.8
348	"none"	83.8
349	"none"	83.8
350	"none"	83.8
351	"none"	83.8
352	"none"	83.8
353	"none"	83.3
354	"none"	83.8
355	"none"	83.8
356	"none"	83.8
357	"none"	83.8
358	"none"	83.8
359	"none"	83.8
360	"none"	83.8
361	"none"	83.8
362	"none"	83.8
363	"none"	83.3
364	"none"	83.8
365	"none"	83.8
366	"none"	83.8
367	"none"	84.4
368	"none"	83.8
369	"none"	83.8
370	"none"	83.8
371	"none"	82.7
372	"none"	83.8
373	"none"	83.8
374	"none"	83.8
375	"none"	83.8
376	"none"	83.8
377	"none"	83.8
378	"none"	83.8
379	"none"	83.8
380	"none"	83.8
381	"none"	83.8
382	"none"	84.4
383	"none"	83.8
384	"none"	83.8
385	"none"	83.8
386	"none"	84.4
387	"none"	83.8
388	"none"	83.8
389	"none"	84.4
390	"none"	83.8
391	"none"	83.8
392	"none"	83.8
393	"none"	83.8
394	"none"	83.8
395	"none"	83.8
396	"none"	83.8
397	"none"	83.8
398	"none"	84.4
399	"none"	83.8
400	"none"	83.8
401	"none"	83.8
402	"none"	83.8
403	"none"	83.8
404	"none"	83.8
405	"none"	83.8
406	"none"	84.4
407	"none"	83.8
408	"none"	83.8
409	"none"	83.8
410	"none"	83.8
411	"none"	83.8
412	"none"	83.8
413	"none"	84.4
414	"none"	83.8
415	"none"	83.8
416	"none"	83.8
417	"none"	83.8
418	"none"	83.8
419	"none"	83.8
420	"none"	83.8
421	"none"	83.8
422	"none"	83.8
423	"none"	83.8
424	"none"	84.4
425	"none"	83.8
426	"none"	83.3
427	"none"	83.8
428	"none"	83.8
429	"none"	83.8
430	"none"	83.8
431	"none"	83.8
432	"none"	84.4
433	"none"	83.8
434	"none"	83.8
435	"none"	83.8
436	"none"	83.8
437	"none"	84.4
438	"none"	83.8
439	"none"	83.8
440	"none"	84.4
441	"none"	83.8
442	"none"	83.8
443	"none"	83.8
444	"none"	84.4
445	"none"	83.8
446	"none"	83.8
447	"none"	83.8
448	"none"	83.8
449	"none"	83.8
450	"none"	83.8
451	"none"	83.8
452	"none"	83.8
453	"none"	84.4
454	"none"	83.8
455	"none"	83.8
456	"none"	83.8
457	"none"	83.8
458	"none"	83.8
459	"none"	84.4
460	"none"	83.8
461	"none"	83.8
462	"none"	83.8
463	"none"	83.8
464	"none"	83.8
465	"none"	83.8
466	"none"	83.8
467	"none"	84.4
468	"none"	83.8
469	"none"	84.4
470	"none"	83.8
471	"none"	83.8
472	"none"	83.8
473	"none"	84.4
474	"none"	84.4
475	"none"	84.4
476	"none"	83.8
477	"none"	84.4
478	"none"	83.8
479	"none"	83.8
480	"none"	84.4
481	"none"	83.8
482	"none"	84.4
483	"none"	83.8
484	"none"	84.4
485	"none"	83.8
486	"none"	83.8
487	"none"	83.8
488	"none"	83.8
489	"none"	83.8
490	"none"	83.8
491	"none"	83.8
492	"none"	84.4
493	"none"	84.4
494	"none"	83.8
495	"none"	83.8
496	"none"	84.4
497	"none"	83.8
498	"none"	83.8
499	"none"	83.8
500	"none"	83.8
501	"none"	83.8
502	"none"	83.8
503	"none"	83.8
504	"none"	84.4
505	"none"	83.8
506	"none"	83.8
507	"none"	83.8
508	"none"	83.8
509	"none"	84.4
510	"none"	83.8
511	"none"	84.4
512	"none"	83.8
513	"none"	83.8
514	"none"	83.8
515	"none"	83.8
516	"none"	83.3
517	"none"	83.8
518	"none"	84.9
519	"none"	84.4
520	"none"	83.8
521	"none"	83.8
522	"none"	83.8
523	"none"	83.8
524	"none"	84.4
525	"none"	83.8
526	"none"	84.4
527	"none"	83.8
528	"none"	84.4
529	"none"	83.8
530	"none"	84.9
531	"none"	83.8
532	"none"	83.8
533	"none"	83.8
534	"none"	83.8
535	"none"	83.8
536	"none"	83.8
537	"none"	83.8
538	"none"	83.8
539	"none"	83.8
540	"none"	83.8
541	"none"	84.4
542	"none"	83.8
543	"none"	83.8
544	"none"	83.8
545	"none"	83.8
546	"none"	83.8
547	"none"	83.8
548	"none"	84.4
549	"none"	84.4
550	"none"	83.8
551	"none"	83.8
552	"none"	83.8
553	"none"	83.8
554	"none"	83.8
555	"none"	83.8
556	"none"	84.4
557	"none"	83.8
558	"none"	84.4
559	"none"	84.4
560	"none"	83.8
561	"none"	84.4
562	"none"	84.4
563	"none"	83.8
564	"none"	83.8
565	"none"	83.8
566	"none"	84.4
567	"none"	84.4
568	"none"	83.8
569	"none"	83.8
570	"none"	83.8
571	"none"	83.8
572	"none"	84.4
573	"none"	83.8
574	"none"	84.9
575	"none"	83.8
576	"none"	83.8
577	"none"	83.8
578	"none"	83.8
579	"none"	83.8
580	"none"	84.4
581	"none"	83.8
582	"none"	83.8
583	"none"	83.8
584	"none"	83.8
585	"none"	83.8
586	"none"	83.8
587	"none"	83.8
588	"none"	83.8
589	"none"	83.8
590	"none"	83.8
591	"none"	84.4
592	"none"	83.8
593	"none"	84.4
594	"none"	83.8
595	"none"	84.4
596	"none"	84.4
597	"none"	83.8
598	"none"	84.4
599	"none"	83.8
600	"none"	84.4
601	"none"	84.4
602	"none"	84.4
603	"none"	84.4
604	"none"	83.8
605	"none"	83.8
606	"none"	83.8
607	"none"	83.8
608	"none"	83.8
609	"none"	83.8
610	"none"	83.8
611	"none"	83.8
612	"none"	83.8
613	"none"	83.8
614	"none"	84.4
615	"none"	84.4
616	"none"	83.8
617	"none"	84.4
618	"none"	84.4
619	"none"	84.4
620	"none"	83.8
621	"none"	83.8
622	"none"	84.4
623	"none"	83.8
624	"none"	84.4
625	"none"	84.4
626	"none"	83.8
627	"none"	84.4
628	"none"	83.8
629	"none"	84.4
630	"none"	84.4
631	"none"	83.8
632	"none"	84.4
633	"none"	83.8
634	"none"	83.8
635	"none"	84.4
636	"none"	84.4
637	"none"	84.9
638	"none"	83.8
639	"none"	84.4
640	"none"	84.4
641	"none"	83.8
642	"none"	84.9
643	"none"	83.8
644	"none"	83.8
645	"none"	84.9
646	"none"	84.4
647	"none"	84.4
648	"none"	84.4
649	"none"	84.4
650	"none"	83.8
651	"none"	84.4
652	"none"	83.8
653	"none"	84.4
654	"none"	84.4
655	"none"	83.8
656	"none"	83.8
657	"none"	84.4
658	"none"	83.8
659	"none"	84.4
660	"none"	83.8
661	"none"	83.8
662	"none"	83.8
663	"none"	83.8
664	"none"	84.4
665	"none"	83.8
666	"none"	83.8
667	"none"	83.8
668	"none"	84.4
669	"none"	83.8
670	"none"	84.4
671	"none"	84.4
672	"none"	83.8
673	"none"	84.4
674	"none"	83.8
675	"none"	83.8
676	"none"	83.8
677	"none"	84.4
678	"none"	83.8
679	"none"	83.8
680	"none"	84.4
681	"none"	83.8
682	"none"	84.4
683	"none"	83.8
684	"none"	83.8
685	"none"	83.8
686	"none"	84.9
687	"none"	83.8
688	"none"	83.8
689	"none"	84.4
690	"none"	84.4
691	"none"	83.8
692	"none"	83.8
693	"none"	83.8
694	"none"	84.4
695	"none"	83.8
696	"none"	84.4
697	"none"	84.9
698	"none"	84.4
699	"none"	84.4
700	"none"	84.4
701	"none"	83.8
702	"none"	84.4
703	"none"	83.8
704	"none"	83.8
705	"none"	83.8
706	"none"	84.4
707	"none"	83.8
708	"none"	83.8
709	"none"	84.9
710	"none"	83.8
711	"none"	84.4
712	"none"	84.4
713	"none"	84.4
714	"none"	84.9
715	"none"	83.8
716	"none"	84.4
717	"none"	84.9
718	"none"	83.8
719	"none"	83.8
720	"none"	83.8
1	"both"	36.5
2	"both"	36.5
3	"both"	36.5
4	"both"	36.5
5	"both"	36.5
6	"both"	36.5
7	"both"	36.5
8	"both"	36.5
9	"both"	36.5
10	"both"	36.5
11	"both"	36.5
12	"both"	36.5
13	"both"	36.5
14	"both"	36.5
15	"both"	36.5
16	"both"	36.5
17	"both"	36.5
18	"both"	36.5
19	"both"	36.5
20	"both"	36.5
21	"both"	38.6
22	"both"	40.2
23	"both"	40.8
24	"both"	40.8
25	"both"	41.9
26	"both"	41.9
27	"both"	42.4
28	"both"	42.9
29	"both"	43.5
30	"both"	44
31	"both"	43.5
32	"both"	43.5
33	"both"	44
34	"both"	44
35	"both"	44
36	"both"	44
37	"both"	44.5
38	"both"	45.1
39	"both"	45.1
40	"both"	45.1
41	"both"	45.1
42	"both"	45.1
43	"both"	45.1
44	"both"	45.1
45	"both"	45.1
46	"both"	45.1
47	"both"	45.6
48	"both"	45.6
49	"both"	45.6
50	"both"	45.6
51	"both"	45.6
52	"both"	45.6
53	"both"	46.2
54	"both"	46.2
55	"both"	46.2
56	"both"	45.6
57	"both"	46.2
58	"both"	46.2
59	"both"	46.2
60	"both"	46.2
61	"both"	46.2
62	"both"	46.7
63	"both"	46.7
64	"both"	46.7
65	"both"	46.7
66	"both"	46.7
67	"both"	47.2
68	"both"	46.2
69	"both"	46.2
70	"both"	47.2
71	"both"	47.2
72	"both"	47.2
73	"both"	47.2
74	"both"	47.2
75	"both"	46.2
76	"both"	46.2
77	"both"	47.2
78	"both"	47.2
79	"both"	47.2
80	"both"	47.2
81	"both"	47.2
82	"both"	47.2
83	"both"	47.2
84	"both"	46.7
85	"both"	47.2
86	"both"	47.8
87	"both"	47.2
88	"both"	47.2
89	"both"	47.2
90	"both"	46.7
91	"both"	47.2
92	"both"	47.2
93	"both"	47.2
94	"both"	47.2
95	"both"	47.2
96	"both"	47.2
97	"both"	47.2
98	"both"	47.2
99	"both"	47.2
100	"both"	47.2
101	"both"	47.2
102	"both"	47.8
103	"both"	47.2
104	"both"	47.8
105	"both"	47.2
106	"both"	47.2
107	"both"	47.8
108	"both"	47.2
109	"both"	47.2
110	"both"	47.2
111	"both"	47.2
112	"both"	47.2
113	"both"	47.2
114	"both"	47.8
115	"both"	47.2
116	"both"	47.2
117	"both"	47.8
118	"both"	47.2
119	"both"	47.8
120	"both"	47.2
121	"both"	48.3
122	"both"	47.2
123	"both"	47.8
124	"both"	47.8
125	"both"	47.8
126	"both"	47.8
127	"both"	47.2
128	"both"	47.8
129	"both"	47.8
130	"both"	47.2
131	"both"	47.8
132	"both"	47.2
133	"both"	48.3
134	"both"	47.2
135	"both"	47.8
136	"both"	48.3
137	"both"	47.8
138	"both"	47.8
139	"both"	47.8
140	"both"	47.8
141	"both"	47.8
142	"both"	47.8
143	"both"	47.8
144	"both"	47.8
145	"both"	48.3
146	"both"	47.2
147	"both"	47.8
148	"both"	47.2
149	"both"	48.3
150	"both"	47.8
151	"both"	47.2
152	"both"	47.8
153	"both"	47.2
154	"both"	47.8
155	"both"	47.2
156	"both"	47.8
157	"both"	47.8
158	"both"	47.2
159	"both"	47.2
160	"both"	47.8
161	"both"	47.8
162	"both"	47.8
163	"both"	47.2
164	"both"	47.8
165	"both"	47.8
166	"both"	47.2
167	"both"	47.2
168	"both"	47.2
169	"both"	47.8
170	"both"	47.8
171	"both"	47.8
172	"both"	47.2
173	"both"	47.8
174	"both"	47.8
175	"both"	47.8
176	"both"	48.3
177	"both"	47.2
178	"both"	47.8
179	"both"	47.8
180	"both"	48.3
181	"both"	47.8
182	"both"	47.2
183	"both"	47.8
184	"both"	47.8
185	"both"	47.8
186	"both"	48.3
187	"both"	48.3
188	"both"	47.8
189	"both"	47.8
190	"both"	47.8
191	"both"	47.8
192	"both"	48.3
193	"both"	47.8
194	"both"	47.8
195	"both"	47.8
196	"both"	47.8
197	"both"	47.2
198	"both"	47.8
199	"both"	47.8
200	"both"	47.2
201	"both"	47.2
202	"both"	47.8
203	"both"	48.3
204	"both"	47.8
205	"both"	47.8
206	"both"	47.8
207	"both"	47.8
208	"both"	47.8
209	"both"	47.2
210	"both"	47.8
211	"both"	47.8
212	"both"	47.2
213	"both"	47.8
214	"both"	47.8
215	"both"	47.8
216	"both"	47.8
217	"both"	47.2
218	"both"	47.2
219	"both"	48.3
220	"both"	47.8
221	"both"	47.8
222	"both"	47.8
223	"both"	47.8
224	"both"	48.3
225	"both"	47.8
226	"both"	47.2
227	"both"	47.8
228	"both"	47.8
229	"both"	47.8
230	"both"	48.3
231	"both"	47.2
232	"both"	47.8
233	"both"	47.2
234	"both"	47.8
235	"both"	48.3
236	"both"	47.8
237	"both"	47.8
238	"both"	47.8
239	"both"	48.3
240	"both"	47.2
241	"both"	48.3
242	"both"	47.8
243	"both"	47.2
244	"both"	47.8
245	"both"	47.8
246	"both"	47.8
247	"both"	47.8
248	"both"	47.8
249	"both"	47.8
250	"both"	47.8
251	"both"	47.2
252	"both"	48.3
253	"both"	47.2
254	"both"	47.8
255	"both"	47.2
256	"both"	47.8
257	"both"	47.2
258	"both"	47.2
259	"both"	47.8
260	"both"	47.8
261	"both"	47.8
262	"both"	47.8
263	"both"	47.2
264	"both"	47.8
265	"both"	47.8
266	"both"	47.8
267	"both"	47.2
268	"both"	47.8
269	"both"	47.8
270	"both"	47.8
271	"both"	47.2
272	"both"	47.8
273	"both"	47.8
274	"both"	48.3
275	"both"	47.8
276	"both"	47.2
277	"both"	47.8
278	"both"	48.3
279	"both"	48.3
280	"both"	47.8
281	"both"	47.2
282	"both"	47.2
283	"both"	48.3
284	"both"	48.3
285	"both"	47.2
286	"both"	47.8
287	"both"	47.8
288	"both"	47.8
289	"both"	47.8
290	"both"	47.2
291	"both"	48.3
292	"both"	48.3
293	"both"	47.8
294	"both"	48.3
295	"both"	48.3
296	"both"	47.8
297	"both"	48.3
298	"both"	48.3
299	"both"	47.8
300	"both"	47.8
301	"both"	47.2
302	"both"	48.3
303	"both"	48.3
304	"both"	47.8
305	"both"	47.8
306	"both"	48.3
307	"both"	47.8
308	"both"	48.3
309	"both"	47.8
310	"both"	47.8
311	"both"	47.8
312	"both"	48.3
313	"both"	47.8
314	"both"	47.8
315	"both"	48.3
316	"both"	47.2
317	"both"	47.8
318	"both"	47.2
319	"both"	47.8
320	"both"	48.3
321	"both"	47.8
322	"both"	47.8
323	"both"	47.8
324	"both"	47.8
325	"both"	47.8
326	"both"	47.8
327	"both"	47.2
328	"both"	47.8
329	"both"	47.2
330	"both"	47.2
331	"both"	47.8
332	"both"	47.8
333	"both"	47.2
334	"both"	47.2
335	"both"	47.8
336	"both"	47.8
337	"both"	47.8
338	"both"	47.2
339	"both"	47.8
340	"both"	47.8
341	"both"	48.3
342	"both"	47.2
343	"both"	47.2
344	"both"	47.2
345	"both"	47.8
346	"both"	47.8
347	"both"	47.2
348	"both"	47.2
349	"both"	47.2
350	"both"	47.8
351	"both"	48.3
352	"both"	47.8
353	"both"	47.2
354	"both"	48.3
355	"both"	47.8
356	"both"	47.8
357	"both"	47.8
358	"both"	48.3
359	"both"	47.2
360	"both"	47.8
361	"both"	47.2
362	"both"	47.8
363	"both"	47.8
364	"both"	47.8
365	"both"	47.2
366	"both"	47.2
367	"both"	48.3
368	"both"	47.8
369	"both"	47.8
370	"both"	47.2
371	"both"	47.2
372	"both"	47.8
373	"both"	47.8
374	"both"	47.2
375	"both"	47.2
376	"both"	47.2
377	"both"	48.3
378	"both"	47.8
379	"both"	47.8
380	"both"	47.2
381	"both"	47.8
382	"both"	47.8
383	"both"	47.2
384	"both"	47.2
385	"both"	47.2
386	"both"	47.8
387	"both"	47.8
388	"both"	47.8
389	"both"	47.2
390	"both"	47.2
391	"both"	47.8
392	"both"	47.8
393	"both"	47.2
394	"both"	47.8
395	"both"	48.3
396	"both"	48.3
397	"both"	47.2
398	"both"	47.8
399	"both"	47.2
400	"both"	47.8
401	"both"	47.8
402	"both"	47.8
403	"both"	47.8
404	"both"	47.8
405	"both"	47.8
406	"both"	47.8
407	"both"	47.2
408	"both"	47.2
409	"both"	47.8
410	"both"	47.8
411	"both"	47.8
412	"both"	47.8
413	"both"	48.3
414	"both"	47.2
415	"both"	48.3
416	"both"	47.8
417	"both"	48.3
418	"both"	47.2
419	"both"	47.8
420	"both"	47.8
421	"both"	47.2
422	"both"	47.2
423	"both"	47.8
424	"both"	47.8
425	"both"	47.2
426	"both"	47.8
427	"both"	47.8
428	"both"	48.3
429	"both"	47.2
430	"both"	47.2
431	"both"	47.8
432	"both"	47.2
433	"both"	47.8
434	"both"	47.2
435	"both"	47.2
436	"both"	47.8
437	"both"	47.2
438	"both"	47.8
439	"both"	47.2
440	"both"	47.8
441	"both"	47.2
442	"both"	47.8
443	"both"	48.3
444	"both"	47.2
445	"both"	47.2
446	"both"	47.8
447	"both"	47.8
448	"both"	47.8
449	"both"	48.3
450	"both"	47.8
451	"both"	47.8
452	"both"	47.2
453	"both"	47.2
454	"both"	47.8
455	"both"	47.8
456	"both"	47.8
457	"both"	47.2
458	"both"	47.8
459	"both"	47.8
460	"both"	47.2
461	"both"	47.8
462	"both"	47.2
463	"both"	47.8
464	"both"	47.8
465	"both"	47.2
466	"both"	47.2
467	"both"	47.2
468	"both"	47.8
469	"both"	47.8
470	"both"	47.2
471	"both"	47.8
472	"both"	47.2
473	"both"	47.2
474	"both"	47.8
475	"both"	47.8
476	"both"	47.2
477	"both"	47.8
478	"both"	47.2
479	"both"	47.2
480	"both"	47.8
481	"both"	47.8
482	"both"	47.8
483	"both"	47.8
484	"both"	47.2
485	"both"	47.8
486	"both"	47.2
487	"both"	47.8
488	"both"	48.3
489	"both"	47.2
490	"both"	47.2
491	"both"	47.8
492	"both"	47.8
493	"both"	47.8
494	"both"	47.8
495	"both"	47.8
496	"both"	47.8
497	"both"	47.8
498	"both"	47.8
499	"both"	47.8
500	"both"	47.2
501	"both"	47.8
502	"both"	47.8
503	"both"	47.2
504	"both"	47.8
505	"both"	47.8
506	"both"	47.2
507	"both"	47.2
508	"both"	47.8
509	"both"	48.3
510	"both"	47.8
511	"both"	47.8
512	"both"	47.8
513	"both"	48.3
514	"both"	47.8
515	"both"	47.2
516	"both"	48.3
517	"both"	47.8
518	"both"	47.2
519	"both"	47.8
520	"both"	47.2
521	"both"	47.8
522	"both"	48.3
523	"both"	47.8
524	"both"	47.8
525	"both"	47.2
526	"both"	47.8
527	"both"	48.3
528	"both"	47.2
529	"both"	47.8
530	"both"	47.2
531	"both"	47.2
532	"both"	47.2
533	"both"	47.8
534	"both"	48.3
535	"both"	48.3
536	"both"	47.8
537	"both"	47.8
538	"both"	47.8
539	"both"	47.8
540	"both"	47.8
541	"both"	47.8
542	"both"	47.8
543	"both"	47.2
544	"both"	47.8
545	"both"	47.8
546	"both"	47.8
547	"both"	47.8
548	"both"	47.2
549	"both"	47.2
550	"both"	47.8
551	"both"	47.8
552	"both"	47.8
553	"both"	48.3
554	"both"	48.3
555	"both"	48.3
556	"both"	48.3
557	"both"	47.2
558	"both"	47.8
559	"both"	47.8
560	"both"	47.8
561	"both"	47.2
562	"both"	47.8
563	"both"	47.8
564	"both"	47.2
565	"both"	47.2
566	"both"	47.2
567	"both"	47.8
568	"both"	47.2
569	"both"	47.2
570	"both"	47.2
571	"both"	47.8
572	"both"	47.2
573	"both"	48.3
574	"both"	47.8
575	"both"	47.8
576	"both"	47.8
577	"both"	47.8
578	"both"	47.2
579	"both"	47.8
580	"both"	47.8
581	"both"	47.8
582	"both"	47.8
583	"both"	47.8
584	"both"	47.8
585	"both"	47.2
586	"both"	47.2
587	"both"	47.2
588	"both"	47.8
589	"both"	47.8
590	"both"	47.2
591	"both"	47.2
592	"both"	47.2
593	"both"	47.8
594	"both"	47.2
595	"both"	47.8
596	"both"	47.2
597	"both"	47.8
598	"both"	47.2
599	"both"	47.2
600	"both"	47.8
601	"both"	47.8
602	"both"	47.8
603	"both"	47.8
604	"both"	47.8
605	"both"	47.8
606	"both"	47.8
607	"both"	47.2
608	"both"	48.3
609	"both"	47.8
610	"both"	48.3
611	"both"	47.2
612	"both"	47.8
613	"both"	47.2
614	"both"	47.8
615	"both"	47.8
616	"both"	47.8
617	"both"	47.8
618	"both"	48.3
619	"both"	47.8
620	"both"	48.3
621	"both"	47.8
622	"both"	47.8
623	"both"	47.8
624	"both"	47.8
625	"both"	47.2
626	"both"	47.8
627	"both"	47.8
628	"both"	47.8
629	"both"	47.2
630	"both"	47.2
631	"both"	47.8
632	"both"	48.3
633	"both"	47.2
634	"both"	47.2
635	"both"	47.2
636	"both"	47.8
637	"both"	47.2
638	"both"	47.2
639	"both"	47.8
640	"both"	47.8
641	"both"	48.3
642	"both"	47.2
643	"both"	47.2
644	"both"	47.2
645	"both"	47.8
646	"both"	47.8
647	"both"	47.2
648	"both"	47.2
649	"both"	47.2
650	"both"	47.2
651	"both"	47.2
652	"both"	47.2
653	"both"	47.2
654	"both"	47.8
655	"both"	47.2
656	"both"	47.8
657	"both"	47.2
658	"both"	47.2
659	"both"	48.3
660	"both"	47.8
661	"both"	48.3
662	"both"	47.8
663	"both"	47.2
664	"both"	48.3
665	"both"	47.8
666	"both"	47.2
667	"both"	47.8
668	"both"	47.8
669	"both"	48.3
670	"both"	47.2
671	"both"	47.8
672	"both"	47.8
673	"both"	47.2
674	"both"	47.8
675	"both"	47.2
676	"both"	47.2
677	"both"	47.2
678	"both"	47.8
679	"both"	47.8
680	"both"	47.2
681	"both"	47.2
682	"both"	47.8
683	"both"	47.8
684	"both"	47.2
685	"both"	47.2
686	"both"	47.8
687	"both"	47.8
688	"both"	47.8
689	"both"	47.8
690	"both"	47.8
691	"both"	47.2
692	"both"	47.8
693	"both"	47.8
694	"both"	47.2
695	"both"	47.2
696	"both"	47.2
697	"both"	47.8
698	"both"	47.2
699	"both"	47.2
700	"both"	47.2
701	"both"	47.8
702	"both"	47.8
703	"both"	47.2
704	"both"	47.8
705	"both"	48.3
706	"both"	47.2
707	"both"	47.2
708	"both"	47.2
709	"both"	47.8
710	"both"	47.2
711	"both"	47.8
712	"both"	47.8
713	"both"	48.3
714	"both"	47.8
715	"both"	47.2
716	"both"	47.8
717	"both"	47.8
718	"both"	47.8
719	"both"	47.8
720	"both"	47.8
1	"fan"	45.1
2	"fan"	45.1
3	"fan"	45.1
4	"fan"	45.1
5	"fan"	45.1
6	"fan"	45.1
7	"fan"	44
8	"fan"	44.5
9	"fan"	45.1
10	"fan"	44.5
11	"fan"	44.5
12	"fan"	44
13	"fan"	44.5
14	"fan"	44.5
15	"fan"	44.5
16	"fan"	44.5
17	"fan"	44
18	"fan"	44
19	"fan"	44
20	"fan"	44
21	"fan"	47.2
22	"fan"	48.3
23	"fan"	51
24	"fan"	52.1
25	"fan"	53.7
26	"fan"	53.7
27	"fan"	54.8
28	"fan"	55.8
29	"fan"	56.4
30	"fan"	55.8
31	"fan"	56.9
32	"fan"	58
33	"fan"	58
34	"fan"	58
35	"fan"	58.5
36	"fan"	59.1
37	"fan"	59.1
38	"fan"	59.1
39	"fan"	59.6
40	"fan"	60.1
41	"fan"	59.6
42	"fan"	59.6
43	"fan"	59.6
44	"fan"	60.1
45	"fan"	60.7
46	"fan"	60.1
47	"fan"	60.7
48	"fan"	61.2
49	"fan"	60.7
50	"fan"	61.2
51	"fan"	61.2
52	"fan"	61.2
53	"fan"	61.2
54	"fan"	61.2
55	"fan"	61.2
56	"fan"	61.2
57	"fan"	61.8
58	"fan"	61.2
59	"fan"	62.3
60	"fan"	61.8
61	"fan"	61.8
62	"fan"	61.8
63	"fan"	62.3
64	"fan"	61.2
65	"fan"	62.3
66	"fan"	61.8
67	"fan"	62.3
68	"fan"	62.3
69	"fan"	62.3
70	"fan"	62.3
71	"fan"	62.3
72	"fan"	62.3
73	"fan"	62.3
74	"fan"	62.3
75	"fan"	62.3
76	"fan"	62.3
77	"fan"	62.3
78	"fan"	62.3
79	"fan"	62.3
80	"fan"	62.3
81	"fan"	62.3
82	"fan"	62.3
83	"fan"	62.3
84	"fan"	62.3
85	"fan"	62.8
86	"fan"	62.8
87	"fan"	62.8
88	"fan"	62.8
89	"fan"	62.8
90	"fan"	62.3
91	"fan"	62.8
92	"fan"	62.3
93	"fan"	62.3
94	"fan"	63.4
95	"fan"	62.8
96	"fan"	62.8
97	"fan"	62.3
98	"fan"	62.8
99	"fan"	62.8
100	"fan"	63.4
101	"fan"	63.4
102	"fan"	62.3
103	"fan"	62.8
104	"fan"	62.3
105	"fan"	62.3
106	"fan"	62.3
107	"fan"	62.8
108	"fan"	62.3
109	"fan"	62.3
110	"fan"	63.4
111	"fan"	62.8
112	"fan"	63.4
113	"fan"	63.4
114	"fan"	63.4
115	"fan"	63.4
116	"fan"	62.3
117	"fan"	63.4
118	"fan"	62.8
119	"fan"	62.3
120	"fan"	62.8
121	"fan"	62.8
122	"fan"	63.4
123	"fan"	63.4
124	"fan"	63.4
125	"fan"	63.4
126	"fan"	63.4
127	"fan"	63.4
128	"fan"	62.8
129	"fan"	62.8
130	"fan"	62.8
131	"fan"	62.8
132	"fan"	62.3
133	"fan"	62.3
134	"fan"	62.3
135	"fan"	63.4
136	"fan"	62.3
137	"fan"	62.8
138	"fan"	62.3
139	"fan"	63.4
140	"fan"	62.8
141	"fan"	62.8
142	"fan"	62.3
143	"fan"	63.4
144	"fan"	63.4
145	"fan"	63.4
146	"fan"	63.4
147	"fan"	62.8
148	"fan"	63.4
149	"fan"	62.8
150	"fan"	62.8
151	"fan"	63.4
152	"fan"	63.4
153	"fan"	62.8
154	"fan"	62.3
155	"fan"	62.8
156	"fan"	62.8
157	"fan"	63.4
158	"fan"	63.4
159	"fan"	62.3
160	"fan"	63.4
161	"fan"	63.4
162	"fan"	62.8
163	"fan"	62.8
164	"fan"	62.3
165	"fan"	62.8
166	"fan"	62.3
167	"fan"	63.4
168	"fan"	62.3
169	"fan"	62.3
170	"fan"	62.8
171	"fan"	62.8
172	"fan"	62.8
173	"fan"	62.3
174	"fan"	62.8
175	"fan"	62.8
176	"fan"	62.3
177	"fan"	62.3
178	"fan"	63.4
179	"fan"	62.8
180	"fan"	62.3
181	"fan"	63.4
182	"fan"	62.3
183	"fan"	62.8
184	"fan"	62.8
185	"fan"	62.3
186	"fan"	62.3
187	"fan"	62.8
188	"fan"	62.8
189	"fan"	62.8
190	"fan"	62.8
191	"fan"	62.8
192	"fan"	62.8
193	"fan"	62.3
194	"fan"	62.3
195	"fan"	62.8
196	"fan"	62.3
197	"fan"	62.8
198	"fan"	63.4
199	"fan"	62.8
200	"fan"	62.8
201	"fan"	63.4
202	"fan"	62.3
203	"fan"	63.4
204	"fan"	62.8
205	"fan"	62.8
206	"fan"	62.8
207	"fan"	62.8
208	"fan"	62.8
209	"fan"	63.4
210	"fan"	62.8
211	"fan"	62.3
212	"fan"	62.8
213	"fan"	62.8
214	"fan"	63.4
215	"fan"	63.4
216	"fan"	63.4
217	"fan"	62.8
218	"fan"	63.4
219	"fan"	63.4
220	"fan"	63.4
221	"fan"	63.4
222	"fan"	63.4
223	"fan"	62.8
224	"fan"	62.8
225	"fan"	63.4
226	"fan"	63.4
227	"fan"	62.3
228	"fan"	62.3
229	"fan"	63.4
230	"fan"	63.4
231	"fan"	62.3
232	"fan"	63.4
233	"fan"	62.8
234	"fan"	62.8
235	"fan"	62.8
236	"fan"	63.4
237	"fan"	62.8
238	"fan"	62.8
239	"fan"	62.3
240	"fan"	62.8
241	"fan"	62.3
242	"fan"	62.8
243	"fan"	63.4
244	"fan"	62.3
245	"fan"	62.3
246	"fan"	62.8
247	"fan"	62.8
248	"fan"	62.8
249	"fan"	62.8
250	"fan"	62.8
251	"fan"	62.8
252	"fan"	62.8
253	"fan"	62.3
254	"fan"	62.3
255	"fan"	63.4
256	"fan"	62.3
257	"fan"	62.8
258	"fan"	62.8
259	"fan"	63.4
260	"fan"	63.4
261	"fan"	62.3
262	"fan"	62.8
263	"fan"	63.4
264	"fan"	62.8
265	"fan"	62.3
266	"fan"	62.8
267	"fan"	62.8
268	"fan"	63.4
269	"fan"	62.8
270	"fan"	62.3
271	"fan"	62.8
272	"fan"	62.8
273	"fan"	63.4
274	"fan"	63.4
275	"fan"	63.4
276	"fan"	63.4
277	"fan"	62.8
278	"fan"	63.4
279	"fan"	63.4
280	"fan"	62.8
281	"fan"	63.4
282	"fan"	62.3
283	"fan"	63.4
284	"fan"	62.8
285	"fan"	62.3
286	"fan"	62.8
287	"fan"	62.8
288	"fan"	62.8
289	"fan"	62.3
290	"fan"	62.3
291	"fan"	62.3
292	"fan"	62.3
293	"fan"	62.8
294	"fan"	62.8
295	"fan"	62.3
296	"fan"	62.8
297	"fan"	63.4
298	"fan"	62.3
299	"fan"	62.8
300	"fan"	63.4
301	"fan"	63.4
302	"fan"	62.8
303	"fan"	62.3
304	"fan"	62.8
305	"fan"	62.8
306	"fan"	63.4
307	"fan"	63.4
308	"fan"	63.4
309	"fan"	63.4
310	"fan"	62.8
311	"fan"	62.3
312	"fan"	62.8
313	"fan"	63.4
314	"fan"	62.8
315	"fan"	62.8
316	"fan"	62.8
317	"fan"	62.3
318	"fan"	62.8
319	"fan"	62.8
320	"fan"	62.3
321	"fan"	63.4
322	"fan"	62.8
323	"fan"	62.8
324	"fan"	62.8
325	"fan"	62.8
326	"fan"	62.3
327	"fan"	62.8
328	"fan"	62.3
329	"fan"	62.8
330	"fan"	63.4
331	"fan"	62.3
332	"fan"	62.8
333	"fan"	62.3
334	"fan"	62.3
335	"fan"	62.8
336	"fan"	62.3
337	"fan"	62.3
338	"fan"	62.8
339	"fan"	62.3
340	"fan"	62.3
341	"fan"	62.8
342	"fan"	62.3
343	"fan"	62.3
344	"fan"	62.3
345	"fan"	62.3
346	"fan"	62.3
347	"fan"	62.3
348	"fan"	63.4
349	"fan"	63.4
350	"fan"	63.4
351	"fan"	62.3
352	"fan"	63.4
353	"fan"	62.3
354	"fan"	62.8
355	"fan"	62.3
356	"fan"	62.8
357	"fan"	62.3
358	"fan"	62.8
359	"fan"	62.3
360	"fan"	62.3
361	"fan"	62.8
362	"fan"	63.4
363	"fan"	62.8
364	"fan"	62.8
365	"fan"	62.8
366	"fan"	62.3
367	"fan"	62.8
368	"fan"	63.4
369	"fan"	62.8
370	"fan"	62.3
371	"fan"	62.8
372	"fan"	62.3
373	"fan"	62.8
374	"fan"	62.8
375	"fan"	62.8
376	"fan"	62.8
377	"fan"	62.3
378	"fan"	62.3
379	"fan"	62.3
380	"fan"	62.3
381	"fan"	62.3
382	"fan"	62.3
383	"fan"	62.3
384	"fan"	62.8
385	"fan"	63.4
386	"fan"	62.3
387	"fan"	62.3
388	"fan"	62.8
389	"fan"	62.3
390	"fan"	62.3
391	"fan"	62.3
392	"fan"	62.8
393	"fan"	62.3
394	"fan"	62.3
395	"fan"	62.3
396	"fan"	62.8
397	"fan"	62.3
398	"fan"	62.8
399	"fan"	62.8
400	"fan"	62.8
401	"fan"	62.3
402	"fan"	62.3
403	"fan"	62.8
404	"fan"	62.3
405	"fan"	62.3
406	"fan"	62.8
407	"fan"	62.3
408	"fan"	63.4
409	"fan"	62.8
410	"fan"	62.3
411	"fan"	63.4
412	"fan"	62.3
413	"fan"	63.4
414	"fan"	62.3
415	"fan"	62.3
416	"fan"	62.3
417	"fan"	62.8
418	"fan"	62.3
419	"fan"	62.3
420	"fan"	62.3
421	"fan"	62.3
422	"fan"	62.3
423	"fan"	62.3
424	"fan"	62.8
425	"fan"	62.3
426	"fan"	62.8
427	"fan"	62.3
428	"fan"	62.8
429	"fan"	62.3
430	"fan"	62.3
431	"fan"	62.3
432	"fan"	62.8
433	"fan"	62.3
434	"fan"	62.8
435	"fan"	62.3
436	"fan"	62.8
437	"fan"	62.3
438	"fan"	62.3
439	"fan"	63.4
440	"fan"	62.3
441	"fan"	62.3
442	"fan"	62.8
443	"fan"	62.3
444	"fan"	62.3
445	"fan"	62.3
446	"fan"	63.4
447	"fan"	62.3
448	"fan"	62.3
449	"fan"	62.8
450	"fan"	62.3
451	"fan"	62.8
452	"fan"	62.3
453	"fan"	62.3
454	"fan"	62.3
455	"fan"	62.8
456	"fan"	62.3
457	"fan"	62.3
458	"fan"	62.3
459	"fan"	62.8
460	"fan"	62.8
461	"fan"	62.8
462	"fan"	62.3
463	"fan"	62.3
464	"fan"	62.8
465	"fan"	62.8
466	"fan"	62.3
467	"fan"	62.3
468	"fan"	62.3
469	"fan"	62.8
470	"fan"	62.3
471	"fan"	62.3
472	"fan"	62.8
473	"fan"	62.8
474	"fan"	62.8
475	"fan"	62.3
476	"fan"	62.3
477	"fan"	62.3
478	"fan"	62.3
479	"fan"	62.3
480	"fan"	62.3
481	"fan"	62.8
482	"fan"	62.3
483	"fan"	62.3
484	"fan"	62.3
485	"fan"	62.3
486	"fan"	62.8
487	"fan"	62.3
488	"fan"	62.8
489	"fan"	62.8
490	"fan"	62.3
491	"fan"	62.3
492	"fan"	62.8
493	"fan"	62.3
494	"fan"	62.8
495	"fan"	62.8
496	"fan"	62.8
497	"fan"	62.3
498	"fan"	62.8
499	"fan"	62.3
500	"fan"	62.3
501	"fan"	62.8
502	"fan"	63.4
503	"fan"	62.3
504	"fan"	62.3
505	"fan"	62.3
506	"fan"	63.4
507	"fan"	62.8
508	"fan"	62.3
509	"fan"	62.3
510	"fan"	62.3
511	"fan"	62.3
512	"fan"	62.3
513	"fan"	62.3
514	"fan"	62.3
515	"fan"	62.3
516	"fan"	62.3
517	"fan"	62.3
518	"fan"	62.8
519	"fan"	62.3
520	"fan"	62.8
521	"fan"	62.3
522	"fan"	62.3
523	"fan"	62.3
524	"fan"	62.8
525	"fan"	62.8
526	"fan"	62.3
527	"fan"	62.3
528	"fan"	62.3
529	"fan"	62.3
530	"fan"	62.3
531	"fan"	62.3
532	"fan"	62.3
533	"fan"	62.3
534	"fan"	62.3
535	"fan"	62.8
536	"fan"	62.3
537	"fan"	62.8
538	"fan"	62.3
539	"fan"	62.3
540	"fan"	62.3
541	"fan"	62.3
542	"fan"	62.3
543	"fan"	61.8
544	"fan"	62.3
545	"fan"	62.8
546	"fan"	62.8
547	"fan"	62.8
548	"fan"	61.8
549	"fan"	62.8
550	"fan"	62.3
551	"fan"	62.3
552	"fan"	62.3
553	"fan"	62.3
554	"fan"	62.3
555	"fan"	62.3
556	"fan"	62.8
557	"fan"	62.3
558	"fan"	62.8
559	"fan"	62.8
560	"fan"	62.3
561	"fan"	62.8
562	"fan"	63.4
563	"fan"	62.8
564	"fan"	62.8
565	"fan"	62.8
566	"fan"	62.3
567	"fan"	62.3
568	"fan"	62.3
569	"fan"	62.3
570	"fan"	62.3
571	"fan"	62.8
572	"fan"	62.8
573	"fan"	62.3
574	"fan"	63.4
575	"fan"	62.8
576	"fan"	62.8
577	"fan"	62.8
578	"fan"	62.8
579	"fan"	62.8
580	"fan"	62.3
581	"fan"	62.8
582	"fan"	62.3
583	"fan"	62.3
584	"fan"	62.8
585	"fan"	62.3
586	"fan"	62.3
587	"fan"	62.3
588	"fan"	62.8
589	"fan"	62.3
590	"fan"	62.3
591	"fan"	62.8
592	"fan"	62.8
593	"fan"	62.3
594	"fan"	62.8
595	"fan"	62.3
596	"fan"	62.3
597	"fan"	62.8
598	"fan"	62.3
599	"fan"	62.8
600	"fan"	63.4
601	"fan"	62.8
602	"fan"	62.3
603	"fan"	62.8
604	"fan"	62.8
605	"fan"	62.3
606	"fan"	62.8
607	"fan"	62.8
608	"fan"	62.3
609	"fan"	62.3
610	"fan"	62.3
611	"fan"	62.3
612	"fan"	62.8
613	"fan"	62.3
614	"fan"	62.3
615	"fan"	62.3
616	"fan"	62.8
617	"fan"	62.3
618	"fan"	62.3
619	"fan"	62.3
620	"fan"	62.3
621	"fan"	62.3
622	"fan"	62.8
623	"fan"	62.3
624	"fan"	62.8
625	"fan"	62.8
626	"fan"	62.3
627	"fan"	62.8
628	"fan"	62.3
629	"fan"	62.3
630	"fan"	62.8
631	"fan"	62.3
632	"fan"	62.8
633	"fan"	62.3
634	"fan"	62.3
635	"fan"	62.3
636	"fan"	62.8
637	"fan"	62.3
638	"fan"	62.3
639	"fan"	62.8
640	"fan"	62.3
641	"fan"	62.8
642	"fan"	62.8
643	"fan"	62.3
644	"fan"	62.3
645	"fan"	62.3
646	"fan"	62.3
647	"fan"	62.3
648	"fan"	62.8
649	"fan"	62.3
650	"fan"	62.8
651	"fan"	62.8
652	"fan"	62.3
653	"fan"	62.8
654	"fan"	62.3
655	"fan"	62.3
656	"fan"	62.3
657	"fan"	62.3
658	"fan"	62.8
659	"fan"	62.3
660	"fan"	62.3
661	"fan"	62.3
662	"fan"	62.8
663	"fan"	62.8
664	"fan"	62.3
665	"fan"	62.3
666	"fan"	62.3
667	"fan"	62.3
668	"fan"	62.3
669	"fan"	62.8
670	"fan"	62.3
671	"fan"	62.3
672	"fan"	62.3
673	"fan"	62.3
674	"fan"	62.3
675	"fan"	63.4
676	"fan"	62.3
677	"fan"	62.3
678	"fan"	62.3
679	"fan"	62.8
680	"fan"	62.3
681	"fan"	62.3
682	"fan"	62.3
683	"fan"	62.8
684	"fan"	62.3
685	"fan"	62.3
686	"fan"	62.3
687	"fan"	62.8
688	"fan"	62.3
689	"fan"	62.8
690	"fan"	62.8
691	"fan"	62.3
692	"fan"	62.3
693	"fan"	62.3
694	"fan"	62.3
695	"fan"	62.3
696	"fan"	62.3
697	"fan"	62.8
698	"fan"	63.4
699	"fan"	62.3
700	"fan"	62.8
701	"fan"	63.4
702	"fan"	62.3
703	"fan"	62.8
704	"fan"	62.3
705	"fan"	62.3
706	"fan"	62.3
707	"fan"	62.3
708	"fan"	62.8
709	"fan"	62.8
710	"fan"	63.4
711	"fan"	62.8
712	"fan"	62.3
713	"fan"	62.3
714	"fan"	62.8
715	"fan"	62.8
716	"fan"	62.8
717	"fan"	62.8
718	"fan"	62.3
719	"fan"	62.3
720	"fan"	62.8
1	"heat.sink"	45.1
2	"heat.sink"	45.1
3	"heat.sink"	45.1
4	"heat.sink"	45.6
5	"heat.sink"	45.1
6	"heat.sink"	45.1
7	"heat.sink"	45.1
8	"heat.sink"	45.1
9	"heat.sink"	45.1
10	"heat.sink"	45.1
11	"heat.sink"	45.1
12	"heat.sink"	45.1
13	"heat.sink"	45.6
14	"heat.sink"	45.1
15	"heat.sink"	45.6
16	"heat.sink"	45.1
17	"heat.sink"	45.6
18	"heat.sink"	45.1
19	"heat.sink"	45.1
20	"heat.sink"	45.6
21	"heat.sink"	48.3
22	"heat.sink"	48.3
23	"heat.sink"	49.9
24	"heat.sink"	49.9
25	"heat.sink"	51
26	"heat.sink"	51.5
27	"heat.sink"	51.5
28	"heat.sink"	52.1
29	"heat.sink"	52.1
30	"heat.sink"	52.6
31	"heat.sink"	52.1
32	"heat.sink"	52.6
33	"heat.sink"	53.7
34	"heat.sink"	53.7
35	"heat.sink"	53.7
36	"heat.sink"	54.2
37	"heat.sink"	54.8
38	"heat.sink"	54.8
39	"heat.sink"	54.8
40	"heat.sink"	54.8
41	"heat.sink"	54.8
42	"heat.sink"	55.3
43	"heat.sink"	55.8
44	"heat.sink"	55.8
45	"heat.sink"	55.3
46	"heat.sink"	55.8
47	"heat.sink"	56.4
48	"heat.sink"	56.4
49	"heat.sink"	56.9
50	"heat.sink"	56.9
51	"heat.sink"	57.5
52	"heat.sink"	56.9
53	"heat.sink"	58
54	"heat.sink"	58
55	"heat.sink"	56.9
56	"heat.sink"	58
57	"heat.sink"	58
58	"heat.sink"	58.5
59	"heat.sink"	58
60	"heat.sink"	58
61	"heat.sink"	59.1
62	"heat.sink"	58.5
63	"heat.sink"	58
64	"heat.sink"	58.5
65	"heat.sink"	59.1
66	"heat.sink"	60.1
67	"heat.sink"	59.1
68	"heat.sink"	59.1
69	"heat.sink"	60.1
70	"heat.sink"	60.1
71	"heat.sink"	60.1
72	"heat.sink"	60.1
73	"heat.sink"	60.1
74	"heat.sink"	60.7
75	"heat.sink"	60.1
76	"heat.sink"	60.7
77	"heat.sink"	61.2
78	"heat.sink"	61.2
79	"heat.sink"	61.2
80	"heat.sink"	62.3
81	"heat.sink"	61.2
82	"heat.sink"	61.2
83	"heat.sink"	62.3
84	"heat.sink"	62.3
85	"heat.sink"	61.8
86	"heat.sink"	61.8
87	"heat.sink"	62.3
88	"heat.sink"	62.8
89	"heat.sink"	62.3
90	"heat.sink"	62.3
91	"heat.sink"	62.3
92	"heat.sink"	62.8
93	"heat.sink"	62.8
94	"heat.sink"	62.8
95	"heat.sink"	62.8
96	"heat.sink"	62.8
97	"heat.sink"	63.4
98	"heat.sink"	64.5
99	"heat.sink"	63.4
100	"heat.sink"	63.4
101	"heat.sink"	63.9
102	"heat.sink"	63.9
103	"heat.sink"	63.9
104	"heat.sink"	63.9
105	"heat.sink"	65
106	"heat.sink"	64.5
107	"heat.sink"	65
108	"heat.sink"	64.5
109	"heat.sink"	64.5
110	"heat.sink"	64.5
111	"heat.sink"	65
112	"heat.sink"	65
113	"heat.sink"	65.5
114	"heat.sink"	65
115	"heat.sink"	65.5
116	"heat.sink"	65.5
117	"heat.sink"	65.5
118	"heat.sink"	65.5
119	"heat.sink"	66.1
120	"heat.sink"	65.5
121	"heat.sink"	65.5
122	"heat.sink"	65.5
123	"heat.sink"	66.1
124	"heat.sink"	66.1
125	"heat.sink"	66.1
126	"heat.sink"	66.6
127	"heat.sink"	66.6
128	"heat.sink"	66.1
129	"heat.sink"	66.6
130	"heat.sink"	65.5
131	"heat.sink"	66.6
132	"heat.sink"	66.6
133	"heat.sink"	66.6
134	"heat.sink"	67.1
135	"heat.sink"	66.6
136	"heat.sink"	66.6
137	"heat.sink"	67.1
138	"heat.sink"	67.1
139	"heat.sink"	67.7
140	"heat.sink"	67.1
141	"heat.sink"	67.1
142	"heat.sink"	67.1
143	"heat.sink"	67.7
144	"heat.sink"	67.1
145	"heat.sink"	67.7
146	"heat.sink"	67.7
147	"heat.sink"	67.7
148	"heat.sink"	67.7
149	"heat.sink"	67.7
150	"heat.sink"	68.2
151	"heat.sink"	67.7
152	"heat.sink"	68.8
153	"heat.sink"	68.8
154	"heat.sink"	67.7
155	"heat.sink"	68.2
156	"heat.sink"	68.8
157	"heat.sink"	69.8
158	"heat.sink"	68.8
159	"heat.sink"	68.8
160	"heat.sink"	69.3
161	"heat.sink"	68.8
162	"heat.sink"	68.8
163	"heat.sink"	69.3
164	"heat.sink"	69.3
165	"heat.sink"	69.3
166	"heat.sink"	69.3
167	"heat.sink"	69.8
168	"heat.sink"	69.3
169	"heat.sink"	69.8
170	"heat.sink"	69.8
171	"heat.sink"	69.8
172	"heat.sink"	69.3
173	"heat.sink"	69.8
174	"heat.sink"	69.8
175	"heat.sink"	69.8
176	"heat.sink"	69.8
177	"heat.sink"	69.8
178	"heat.sink"	69.8
179	"heat.sink"	69.8
180	"heat.sink"	69.8
181	"heat.sink"	70.9
182	"heat.sink"	69.8
183	"heat.sink"	70.4
184	"heat.sink"	70.4
185	"heat.sink"	70.4
186	"heat.sink"	70.9
187	"heat.sink"	70.4
188	"heat.sink"	70.4
189	"heat.sink"	70.9
190	"heat.sink"	70.9
191	"heat.sink"	70.4
192	"heat.sink"	70.9
193	"heat.sink"	70.4
194	"heat.sink"	70.9
195	"heat.sink"	70.9
196	"heat.sink"	70.9
197	"heat.sink"	70.9
198	"heat.sink"	70.9
199	"heat.sink"	70.9
200	"heat.sink"	70.9
201	"heat.sink"	70.9
202	"heat.sink"	70.9
203	"heat.sink"	70.9
204	"heat.sink"	70.9
205	"heat.sink"	71.4
206	"heat.sink"	70.9
207	"heat.sink"	70.9
208	"heat.sink"	70.9
209	"heat.sink"	71.4
210	"heat.sink"	70.9
211	"heat.sink"	70.9
212	"heat.sink"	71.4
213	"heat.sink"	72
214	"heat.sink"	72
215	"heat.sink"	71.4
216	"heat.sink"	72
217	"heat.sink"	71.4
218	"heat.sink"	72
219	"heat.sink"	72.5
220	"heat.sink"	72
221	"heat.sink"	72
222	"heat.sink"	72
223	"heat.sink"	72.5
224	"heat.sink"	72
225	"heat.sink"	71.4
226	"heat.sink"	72
227	"heat.sink"	72.5
228	"heat.sink"	72.5
229	"heat.sink"	72.5
230	"heat.sink"	72.5
231	"heat.sink"	73.1
232	"heat.sink"	72
233	"heat.sink"	72
234	"heat.sink"	72.5
235	"heat.sink"	72.5
236	"heat.sink"	72.5
237	"heat.sink"	73.1
238	"heat.sink"	72.5
239	"heat.sink"	73.1
240	"heat.sink"	72.5
241	"heat.sink"	73.1
242	"heat.sink"	73.1
243	"heat.sink"	73.1
244	"heat.sink"	73.1
245	"heat.sink"	73.6
246	"heat.sink"	72.5
247	"heat.sink"	73.1
248	"heat.sink"	73.1
249	"heat.sink"	73.1
250	"heat.sink"	73.1
251	"heat.sink"	73.1
252	"heat.sink"	73.1
253	"heat.sink"	73.6
254	"heat.sink"	73.6
255	"heat.sink"	73.1
256	"heat.sink"	73.6
257	"heat.sink"	73.1
258	"heat.sink"	73.1
259	"heat.sink"	73.1
260	"heat.sink"	73.6
261	"heat.sink"	73.6
262	"heat.sink"	73.1
263	"heat.sink"	73.6
264	"heat.sink"	73.6
265	"heat.sink"	74.1
266	"heat.sink"	74.1
267	"heat.sink"	73.6
268	"heat.sink"	73.6
269	"heat.sink"	73.1
270	"heat.sink"	74.1
271	"heat.sink"	73.6
272	"heat.sink"	74.1
273	"heat.sink"	74.1
274	"heat.sink"	73.6
275	"heat.sink"	74.1
276	"heat.sink"	74.1
277	"heat.sink"	73.6
278	"heat.sink"	74.1
279	"heat.sink"	73.6
280	"heat.sink"	73.6
281	"heat.sink"	73.6
282	"heat.sink"	74.7
283	"heat.sink"	74.1
284	"heat.sink"	74.1
285	"heat.sink"	74.1
286	"heat.sink"	73.6
287	"heat.sink"	74.1
288	"heat.sink"	73.6
289	"heat.sink"	73.6
290	"heat.sink"	73.6
291	"heat.sink"	74.1
292	"heat.sink"	75.2
293	"heat.sink"	74.1
294	"heat.sink"	74.1
295	"heat.sink"	74.1
296	"heat.sink"	74.1
297	"heat.sink"	74.1
298	"heat.sink"	74.1
299	"heat.sink"	74.7
300	"heat.sink"	74.7
301	"heat.sink"	74.1
302	"heat.sink"	74.1
303	"heat.sink"	74.7
304	"heat.sink"	74.1
305	"heat.sink"	74.7
306	"heat.sink"	75.2
307	"heat.sink"	74.1
308	"heat.sink"	75.2
309	"heat.sink"	75.2
310	"heat.sink"	73.6
311	"heat.sink"	74.1
312	"heat.sink"	75.2
313	"heat.sink"	74.1
314	"heat.sink"	74.1
315	"heat.sink"	74.7
316	"heat.sink"	75.2
317	"heat.sink"	75.2
318	"heat.sink"	75.2
319	"heat.sink"	75.2
320	"heat.sink"	74.1
321	"heat.sink"	75.2
322	"heat.sink"	74.7
323	"heat.sink"	75.2
324	"heat.sink"	75.2
325	"heat.sink"	75.2
326	"heat.sink"	75.2
327	"heat.sink"	75.2
328	"heat.sink"	74.7
329	"heat.sink"	75.2
330	"heat.sink"	75.2
331	"heat.sink"	74.7
332	"heat.sink"	75.2
333	"heat.sink"	74.7
334	"heat.sink"	75.2
335	"heat.sink"	75.2
336	"heat.sink"	75.2
337	"heat.sink"	75.2
338	"heat.sink"	75.2
339	"heat.sink"	75.2
340	"heat.sink"	75.2
341	"heat.sink"	75.2
342	"heat.sink"	75.8
343	"heat.sink"	75.8
344	"heat.sink"	75.8
345	"heat.sink"	75.2
346	"heat.sink"	75.8
347	"heat.sink"	76.3
348	"heat.sink"	75.8
349	"heat.sink"	75.2
350	"heat.sink"	75.2
351	"heat.sink"	75.8
352	"heat.sink"	75.2
353	"heat.sink"	75.8
354	"heat.sink"	75.2
355	"heat.sink"	75.8
356	"heat.sink"	75.8
357	"heat.sink"	76.3
358	"heat.sink"	75.2
359	"heat.sink"	75.2
360	"heat.sink"	76.3
361	"heat.sink"	75.8
362	"heat.sink"	75.2
363	"heat.sink"	75.2
364	"heat.sink"	75.2
365	"heat.sink"	75.2
366	"heat.sink"	76.3
367	"heat.sink"	75.2
368	"heat.sink"	75.8
369	"heat.sink"	76.3
370	"heat.sink"	75.8
371	"heat.sink"	75.8
372	"heat.sink"	75.2
373	"heat.sink"	75.8
374	"heat.sink"	75.8
375	"heat.sink"	75.2
376	"heat.sink"	75.8
377	"heat.sink"	75.8
378	"heat.sink"	76.3
379	"heat.sink"	75.8
380	"heat.sink"	76.3
381	"heat.sink"	76.3
382	"heat.sink"	75.2
383	"heat.sink"	76.3
384	"heat.sink"	76.3
385	"heat.sink"	75.8
386	"heat.sink"	76.3
387	"heat.sink"	76.3
388	"heat.sink"	76.8
389	"heat.sink"	75.2
390	"heat.sink"	75.2
391	"heat.sink"	75.8
392	"heat.sink"	76.3
393	"heat.sink"	76.3
394	"heat.sink"	76.3
395	"heat.sink"	76.3
396	"heat.sink"	75.8
397	"heat.sink"	76.3
398	"heat.sink"	76.3
399	"heat.sink"	76.3
400	"heat.sink"	76.3
401	"heat.sink"	76.3
402	"heat.sink"	76.8
403	"heat.sink"	75.8
404	"heat.sink"	76.3
405	"heat.sink"	76.3
406	"heat.sink"	76.3
407	"heat.sink"	76.3
408	"heat.sink"	76.3
409	"heat.sink"	75.8
410	"heat.sink"	76.3
411	"heat.sink"	76.3
412	"heat.sink"	76.3
413	"heat.sink"	76.3
414	"heat.sink"	76.3
415	"heat.sink"	76.3
416	"heat.sink"	76.3
417	"heat.sink"	76.3
418	"heat.sink"	76.3
419	"heat.sink"	76.3
420	"heat.sink"	76.3
421	"heat.sink"	76.3
422	"heat.sink"	76.8
423	"heat.sink"	76.3
424	"heat.sink"	76.3
425	"heat.sink"	76.3
426	"heat.sink"	76.3
427	"heat.sink"	76.3
428	"heat.sink"	76.8
429	"heat.sink"	76.3
430	"heat.sink"	76.3
431	"heat.sink"	76.3
432	"heat.sink"	77.4
433	"heat.sink"	76.8
434	"heat.sink"	76.3
435	"heat.sink"	76.3
436	"heat.sink"	76.3
437	"heat.sink"	77.4
438	"heat.sink"	76.8
439	"heat.sink"	76.3
440	"heat.sink"	76.3
441	"heat.sink"	76.8
442	"heat.sink"	76.3
443	"heat.sink"	76.3
444	"heat.sink"	76.3
445	"heat.sink"	76.3
446	"heat.sink"	76.8
447	"heat.sink"	76.8
448	"heat.sink"	77.4
449	"heat.sink"	76.3
450	"heat.sink"	76.3
451	"heat.sink"	77.4
452	"heat.sink"	77.4
453	"heat.sink"	76.3
454	"heat.sink"	76.3
455	"heat.sink"	76.8
456	"heat.sink"	77.4
457	"heat.sink"	76.3
458	"heat.sink"	77.4
459	"heat.sink"	76.3
460	"heat.sink"	76.3
461	"heat.sink"	77.4
462	"heat.sink"	76.3
463	"heat.sink"	76.3
464	"heat.sink"	76.3
465	"heat.sink"	77.4
466	"heat.sink"	77.4
467	"heat.sink"	76.3
468	"heat.sink"	76.3
469	"heat.sink"	77.4
470	"heat.sink"	76.8
471	"heat.sink"	77.4
472	"heat.sink"	76.8
473	"heat.sink"	77.4
474	"heat.sink"	76.8
475	"heat.sink"	76.8
476	"heat.sink"	76.3
477	"heat.sink"	77.4
478	"heat.sink"	76.8
479	"heat.sink"	76.3
480	"heat.sink"	76.8
481	"heat.sink"	76.8
482	"heat.sink"	76.8
483	"heat.sink"	77.4
484	"heat.sink"	77.4
485	"heat.sink"	76.8
486	"heat.sink"	76.8
487	"heat.sink"	77.4
488	"heat.sink"	77.4
489	"heat.sink"	76.3
490	"heat.sink"	76.3
491	"heat.sink"	77.4
492	"heat.sink"	77.4
493	"heat.sink"	76.3
494	"heat.sink"	76.3
495	"heat.sink"	77.4
496	"heat.sink"	77.4
497	"heat.sink"	77.4
498	"heat.sink"	76.8
499	"heat.sink"	77.4
500	"heat.sink"	77.4
501	"heat.sink"	77.9
502	"heat.sink"	77.4
503	"heat.sink"	77.4
504	"heat.sink"	76.8
505	"heat.sink"	77.4
506	"heat.sink"	77.4
507	"heat.sink"	77.4
508	"heat.sink"	77.4
509	"heat.sink"	77.4
510	"heat.sink"	77.4
511	"heat.sink"	77.4
512	"heat.sink"	77.4
513	"heat.sink"	76.3
514	"heat.sink"	76.8
515	"heat.sink"	77.4
516	"heat.sink"	77.9
517	"heat.sink"	77.4
518	"heat.sink"	77.9
519	"heat.sink"	77.4
520	"heat.sink"	77.4
521	"heat.sink"	77.4
522	"heat.sink"	77.9
523	"heat.sink"	77.9
524	"heat.sink"	77.4
525	"heat.sink"	77.4
526	"heat.sink"	77.4
527	"heat.sink"	77.4
528	"heat.sink"	77.4
529	"heat.sink"	77.9
530	"heat.sink"	77.4
531	"heat.sink"	77.4
532	"heat.sink"	77.4
533	"heat.sink"	77.4
534	"heat.sink"	77.4
535	"heat.sink"	77.4
536	"heat.sink"	77.4
537	"heat.sink"	76.8
538	"heat.sink"	77.4
539	"heat.sink"	77.9
540	"heat.sink"	77.9
541	"heat.sink"	77.4
542	"heat.sink"	77.4
543	"heat.sink"	77.9
544	"heat.sink"	77.4
545	"heat.sink"	77.4
546	"heat.sink"	77.4
547	"heat.sink"	77.4
548	"heat.sink"	77.4
549	"heat.sink"	77.9
550	"heat.sink"	77.4
551	"heat.sink"	77.9
552	"heat.sink"	77.9
553	"heat.sink"	77.9
554	"heat.sink"	77.4
555	"heat.sink"	77.4
556	"heat.sink"	77.9
557	"heat.sink"	77.4
558	"heat.sink"	77.4
559	"heat.sink"	77.9
560	"heat.sink"	77.4
561	"heat.sink"	78.4
562	"heat.sink"	77.4
563	"heat.sink"	77.9
564	"heat.sink"	77.4
565	"heat.sink"	77.9
566	"heat.sink"	77.4
567	"heat.sink"	77.9
568	"heat.sink"	78.4
569	"heat.sink"	77.4
570	"heat.sink"	77.9
571	"heat.sink"	77.9
572	"heat.sink"	77.9
573	"heat.sink"	78.4
574	"heat.sink"	77.9
575	"heat.sink"	77.4
576	"heat.sink"	77.4
577	"heat.sink"	77.9
578	"heat.sink"	77.9
579	"heat.sink"	77.4
580	"heat.sink"	77.9
581	"heat.sink"	78.4
582	"heat.sink"	77.4
583	"heat.sink"	76.8
584	"heat.sink"	77.9
585	"heat.sink"	77.9
586	"heat.sink"	77.4
587	"heat.sink"	77.9
588	"heat.sink"	77.4
589	"heat.sink"	77.4
590	"heat.sink"	77.9
591	"heat.sink"	77.4
592	"heat.sink"	77.9
593	"heat.sink"	77.9
594	"heat.sink"	78.4
595	"heat.sink"	77.4
596	"heat.sink"	77.9
597	"heat.sink"	77.4
598	"heat.sink"	77.9
599	"heat.sink"	77.9
600	"heat.sink"	77.9
601	"heat.sink"	77.9
602	"heat.sink"	77.9
603	"heat.sink"	77.9
604	"heat.sink"	78.4
605	"heat.sink"	77.9
606	"heat.sink"	77.9
607	"heat.sink"	77.9
608	"heat.sink"	77.9
609	"heat.sink"	77.9
610	"heat.sink"	77.9
611	"heat.sink"	77.9
612	"heat.sink"	77.9
613	"heat.sink"	77.9
614	"heat.sink"	77.4
615	"heat.sink"	77.9
616	"heat.sink"	77.4
617	"heat.sink"	77.9
618	"heat.sink"	77.9
619	"heat.sink"	77.9
620	"heat.sink"	77.9
621	"heat.sink"	77.9
622	"heat.sink"	77.9
623	"heat.sink"	77.9
624	"heat.sink"	77.9
625	"heat.sink"	77.9
626	"heat.sink"	78.4
627	"heat.sink"	78.4
628	"heat.sink"	77.9
629	"heat.sink"	77.9
630	"heat.sink"	78.4
631	"heat.sink"	77.9
632	"heat.sink"	78.4
633	"heat.sink"	77.9
634	"heat.sink"	78.4
635	"heat.sink"	77.9
636	"heat.sink"	78.4
637	"heat.sink"	77.9
638	"heat.sink"	77.9
639	"heat.sink"	77.9
640	"heat.sink"	77.9
641	"heat.sink"	78.4
642	"heat.sink"	77.9
643	"heat.sink"	78.4
644	"heat.sink"	77.9
645	"heat.sink"	78.4
646	"heat.sink"	78.4
647	"heat.sink"	77.9
648	"heat.sink"	77.9
649	"heat.sink"	78.4
650	"heat.sink"	77.9
651	"heat.sink"	77.9
652	"heat.sink"	77.9
653	"heat.sink"	78.4
654	"heat.sink"	78.4
655	"heat.sink"	78.4
656	"heat.sink"	77.9
657	"heat.sink"	77.9
658	"heat.sink"	77.9
659	"heat.sink"	78.4
660	"heat.sink"	78.4
661	"heat.sink"	78.4
662	"heat.sink"	78.4
663	"heat.sink"	77.9
664	"heat.sink"	78.4
665	"heat.sink"	78.4
666	"heat.sink"	78.4
667	"heat.sink"	77.9
668	"heat.sink"	77.9
669	"heat.sink"	77.9
670	"heat.sink"	78.4
671	"heat.sink"	78.4
672	"heat.sink"	77.9
673	"heat.sink"	77.9
674	"heat.sink"	78.4
675	"heat.sink"	78.4
676	"heat.sink"	78.4
677	"heat.sink"	77.9
678	"heat.sink"	78.4
679	"heat.sink"	77.9
680	"heat.sink"	77.9
681	"heat.sink"	77.9
682	"heat.sink"	77.9
683	"heat.sink"	77.9
684	"heat.sink"	78.4
685	"heat.sink"	77.9
686	"heat.sink"	78.4
687	"heat.sink"	78.4
688	"heat.sink"	78.4
689	"heat.sink"	78.4
690	"heat.sink"	77.9
691	"heat.sink"	77.9
692	"heat.sink"	79
693	"heat.sink"	78.4
694	"heat.sink"	78.4
695	"heat.sink"	79
696	"heat.sink"	79
697	"heat.sink"	78.4
698	"heat.sink"	78.4
699	"heat.sink"	78.4
700	"heat.sink"	78.4
701	"heat.sink"	78.4
702	"heat.sink"	78.4
703	"heat.sink"	78.4
704	"heat.sink"	78.4
705	"heat.sink"	78.4
706	"heat.sink"	78.4
707	"heat.sink"	78.4
708	"heat.sink"	78.4
709	"heat.sink"	78.4
710	"heat.sink"	78.4
711	"heat.sink"	78.4
712	"heat.sink"	78.4
713	"heat.sink"	78.4
714	"heat.sink"	78.4
715	"heat.sink"	78.4
716	"heat.sink"	78.4
717	"heat.sink"	78.4
718	"heat.sink"	78.4
719	"heat.sink"	78.4
720	"heat.sink"	78.4
